name,contact_person,phone_number,line_id,email,location,summary,source_post_url
แหล่งหางาน Part Time งานพิเศษ พนักงานชั่วคราว เสาร์-อาทิตย์ ทั่วประเทศไทย,,,,,ทั่วประเทศไทย,,https://www.facebook.com/siamparttimes/posts/pfbid026N4v4ipVJfJE1N4cQD2r314uqcrZwhFdyyb6YcWktnQeUnZYenWJZ6t6jUai1BSRl?__cft__[0]=AZXmTU5HLhObMAh67ggCUOWMag35pfXU3of9MT0oJUQ6iW1rHsT42jElnyLJGiiUBGHR6Y3YQRX3slBuAjSpRD9whcGf-iCuHbe4wGPz7O7lD2M0yUKLO5gQges67makpJGyUS44AkX40LJLIr4riynxsoTJdLlsznsqtqIA6_uEa4qyZCqm2eplTtUw5vpdDfuOh22CMuoU1k20ovek9zgX&__tn__=%2CO%2CP-R
แหล่งหางาน Part Time งานพิเศษ พนักงานชั่วคราว เสาร์-อาทิตย์ ทั่วประเทศไทย,,,,,ทั่วประเทศไทย,,https://www.facebook.com/siamparttimes/posts/pfbid026N4v4ipVJfJE1N4cQD2r314uqcrZwhFdyyb6YcWktnQeUnZYenWJZ6t6jUai1BSRl?__cft__[0]=AZXmTU5HLhObMAh67ggCUOWMag35pfXU3of9MT0oJUQ6iW1rHsT42jElnyLJGiiUBGHR6Y3YQRX3slBuAjSpRD9whcGf-iCuHbe4wGPz7O7lD2M0yUKLO5gQges67makpJGyUS44AkX40LJLIr4riynxsoTJdLlsznsqtqIA6_uEa4qyZCqm2eplTtUw5vpdDfuOh22CMuoU1k20ovek9zgX&__tn__=%2CO%2CP-R
แหล่งหางาน Part Time งานพิเศษ พนักงานชั่วคราว เสาร์-อาทิตย์ ทั่วประเทศไทย,,,,,ทั่วประเทศไทย,,https://www.facebook.com/siamparttimes/posts/pfbid026N4v4ipVJfJE1N4cQD2r314uqcrZwhFdyyb6YcWktnQeUnZYenWJZ6t6jUai1BSRl?__cft__[0]=AZXmTU5HLhObMAh67ggCUOWMag35pfXU3of9MT0oJUQ6iW1rHsT42jElnyLJGiiUBGHR6Y3YQRX3slBuAjSpRD9whcGf-iCuHbe4wGPz7O7lD2M0yUKLO5gQges67makpJGyUS44AkX40LJLIr4riynxsoTJdLlsznsqtqIA6_uEa4qyZCqm2eplTtUw5vpdDfuOh22CMuoU1k20ovek9zgX&__tn__=%2CO%2CP-R
แหล่งหางาน Part Time งานพิเศษ พนักงานชั่วคราว เสาร์-อาทิตย์ ทั่วประเทศไทย,,,,,ทั่วประเทศไทย,,https://www.facebook.com/siamparttimes/posts/pfbid026N4v4ipVJfJE1N4cQD2r314uqcrZwhFdyyb6YcWktnQeUnZYenWJZ6t6jUai1BSRl?__cft__[0]=AZXmTU5HLhObMAh67ggCUOWMag35pfXU3of9MT0oJUQ6iW1rHsT42jElnyLJGiiUBGHR6Y3YQRX3slBuAjSpRD9whcGf-iCuHbe4wGPz7O7lD2M0yUKLO5gQges67makpJGyUS44AkX40LJLIr4riynxsoTJdLlsznsqtqIA6_uEa4qyZCqm2eplTtUw5vpdDfuOh22CMuoU1k20ovek9zgX&__tn__=%2CO%2CP-R
แหล่งหางาน Part Time งานพิเศษ พนักงานชั่วคราว เสาร์-อาทิตย์ ทั่วประเทศไทย,,,,,ทั่วประเทศไทย,,https://www.facebook.com/siamparttimes/posts/pfbid026N4v4ipVJfJE1N4cQD2r314uqcrZwhFdyyb6YcWktnQeUnZYenWJZ6t6jUai1BSRl?__cft__[0]=AZXmTU5HLhObMAh67ggCUOWMag35pfXU3of9MT0oJUQ6iW1rHsT42jElnyLJGiiUBGHR6Y3YQRX3slBuAjSpRD9whcGf-iCuHbe4wGPz7O7lD2M0yUKLO5gQges67makpJGyUS44AkX40LJLIr4riynxsoTJdLlsznsqtqIA6_uEa4qyZCqm2eplTtUw5vpdDfuOh22CMuoU1k20ovek9zgX&__tn__=%2CO%2CP-R
แหล่งหางาน Part Time งานพิเศษ พนักงานชั่วคราว เสาร์-อาทิตย์ ทั่วประเทศไทย,,,,,ทั่วประเทศไทย,,https://www.facebook.com/siamparttimes/posts/pfbid026N4v4ipVJfJE1N4cQD2r314uqcrZwhFdyyb6YcWktnQeUnZYenWJZ6t6jUai1BSRl?__cft__[0]=AZXmTU5HLhObMAh67ggCUOWMag35pfXU3of9MT0oJUQ6iW1rHsT42jElnyLJGiiUBGHR6Y3YQRX3slBuAjSpRD9whcGf-iCuHbe4wGPz7O7lD2M0yUKLO5gQges67makpJGyUS44AkX40LJLIr4riynxsoTJdLlsznsqtqIA6_uEa4qyZCqm2eplTtUw5vpdDfuOh22CMuoU1k20ovek9zgX&__tn__=%2CO%2CP-R
แหล่งหางาน Part Time งานพิเศษ พนักงานชั่วคราว เสาร์-อาทิตย์ ทั่วประเทศไทย,,,,,ทั่วประเทศไทย,,https://www.facebook.com/siamparttimes/posts/pfbid026N4v4ipVJfJE1N4cQD2r314uqcrZwhFdyyb6YcWktnQeUnZYenWJZ6t6jUai1BSRl?__cft__[0]=AZXmTU5HLhObMAh67ggCUOWMag35pfXU3of9MT0oJUQ6iW1rHsT42jElnyLJGiiUBGHR6Y3YQRX3slBuAjSpRD9whcGf-iCuHbe4wGPz7O7lD2M0yUKLO5gQges67makpJGyUS44AkX40LJLIr4riynxsoTJdLlsznsqtqIA6_uEa4qyZCqm2eplTtUw5vpdDfuOh22CMuoU1k20ovek9zgX&__tn__=%2CO%2CP-R
แหล่งหางาน Part Time งานพิเศษ พนักงานชั่วคราว เสาร์-อาทิตย์ ทั่วประเทศไทย,,,,,ทั่วประเทศไทย,,https://www.facebook.com/siamparttimes/posts/pfbid026N4v4ipVJfJE1N4cQD2r314uqcrZwhFdyyb6YcWktnQeUnZYenWJZ6t6jUai1BSRl?__cft__[0]=AZXmTU5HLhObMAh67ggCUOWMag35pfXU3of9MT0oJUQ6iW1rHsT42jElnyLJGiiUBGHR6Y3YQRX3slBuAjSpRD9whcGf-iCuHbe4wGPz7O7lD2M0yUKLO5gQges67makpJGyUS44AkX40LJLIr4riynxsoTJdLlsznsqtqIA6_uEa4qyZCqm2eplTtUw5vpdDfuOh22CMuoU1k20ovek9zgX&__tn__=%2CO%2CP-R
แหล่งหางาน Part Time งานพิเศษ พนักงานชั่วคราว เสาร์-อาทิตย์ ทั่วประเทศไทย,,,,,ทั่วประเทศไทย,,https://www.facebook.com/siamparttimes/posts/pfbid026N4v4ipVJfJE1N4cQD2r314uqcrZwhFdyyb6YcWktnQeUnZYenWJZ6t6jUai1BSRl?__cft__[0]=AZXmTU5HLhObMAh67ggCUOWMag35pfXU3of9MT0oJUQ6iW1rHsT42jElnyLJGiiUBGHR6Y3YQRX3slBuAjSpRD9whcGf-iCuHbe4wGPz7O7lD2M0yUKLO5gQges67makpJGyUS44AkX40LJLIr4riynxsoTJdLlsznsqtqIA6_uEa4qyZCqm2eplTtUw5vpdDfuOh22CMuoU1k20ovek9zgX&__tn__=%2CO%2CP-R
แหล่งหางาน Part Time งานพิเศษ พนักงานชั่วคราว เสาร์-อาทิตย์ ทั่วประเทศไทย,,,,,ทั่วประเทศไทย,,https://www.facebook.com/siamparttimes/posts/pfbid026N4v4ipVJfJE1N4cQD2r314uqcrZwhFdyyb6YcWktnQeUnZYenWJZ6t6jUai1BSRl?__cft__[0]=AZXmTU5HLhObMAh67ggCUOWMag35pfXU3of9MT0oJUQ6iW1rHsT42jElnyLJGiiUBGHR6Y3YQRX3slBuAjSpRD9whcGf-iCuHbe4wGPz7O7lD2M0yUKLO5gQges67makpJGyUS44AkX40LJLIr4riynxsoTJdLlsznsqtqIA6_uEa4qyZCqm2eplTtUw5vpdDfuOh22CMuoU1k20ovek9zgX&__tn__=%2CO%2CP-R
แหล่งหางาน Part Time งานพิเศษ พนักงานชั่วคราว เสาร์-อาทิตย์ ทั่วประเทศไทย,,,,,ทั่วประเทศไทย,,https://www.facebook.com/siamparttimes/posts/pfbid026N4v4ipVJfJE1N4cQD2r314uqcrZwhFdyyb6YcWktnQeUnZYenWJZ6t6jUai1BSRl
แหล่งหางาน Part Time งานพิเศษ พนักงานชั่วคราว เสาร์-อาทิตย์ ทั่วประเทศไทย,,,,,ทั่วประเทศไทย,,https://www.facebook.com/siamparttimes/posts/pfbid026N4v4ipVJfJE1N4cQD2r314uqcrZwhFdyyb6YcWktnQeUnZYenWJZ6t6jUai1BSRl
แหล่งหางาน Part Time งานพิเศษ พนักงานชั่วคราว เสาร์-อาทิตย์ ทั่วประเทศไทย,,,,,ทั่วประเทศไทย,,https://www.facebook.com/siamparttimes/posts/pfbid026N4v4ipVJfJE1N4cQD2r314uqcrZwhFdyyb6YcWktnQeUnZYenWJZ6t6jUai1BSRl
แหล่งหางาน Part Time งานพิเศษ พนักงานชั่วคราว เสาร์-อาทิตย์ ทั่วประเทศไทย,,,,,ทั่วประเทศไทย,,https://www.facebook.com/siamparttimes/posts/pfbid026N4v4ipVJfJE1N4cQD2r314uqcrZwhFdyyb6YcWktnQeUnZYenWJZ6t6jUai1BSRl
แหล่งหางาน Part Time งานพิเศษ พนักงานชั่วคราว เสาร์-อาทิตย์ ทั่วประเทศไทย,,,,,ทั่วประเทศไทย,,https://www.facebook.com/siamparttimes/posts/pfbid026N4v4ipVJfJE1N4cQD2r314uqcrZwhFdyyb6YcWktnQeUnZYenWJZ6t6jUai1BSRl
Ringer Hut,,089-479-5454,,,Paradise Park Srinakarin & Thaniya Silom,"Recruiting staff for Ringer Hut Japanese restaurant - Kitchen and service staff. Full-time positions with salary of 14,300++ baht. Requirements include Thai nationality, 20-45 years old, at least 1 year of experience in a restaurant, ability to work shifts, 8 hours work (2 hours break), and 6 days/week.",https://www.facebook.com/siamparttimes/posts/pfbid026N4v4ipVJfJE1N4cQD2r314uqcrZwhFdyyb6YcWktnQeUnZYenWJZ6t6jUai1BSRl
แหล่งหางาน Part Time งานพิเศษ พนักงานชั่วคราว เสาร์-อาทิตย์ ทั่วประเทศไทย,,,,,,,https://www.facebook.com/siamparttimes/posts/pfbid02duEBDyEcjCo3i8QyhJxurV7AcvxYoSfhyh2FsxBiqhLBJ6z6RZ28gf3P2eP2ayADl?__cft__[0]=AZUfn0LBKgxBxf3eUUEOXIaR6fi_a-m-ozRGEdoQ6X0gpGMCDATRP72mAOWz-H5ETj1LcgKA91_BJDlIuy9LvGOnF2lQ8exZ7s3N4yQ26Zw5KoYL0IbpG7cFuHUUQhSG9F1KSYb9TTqEwtJoK6906d-ecQpUlftCx9erXbnDgmYmTfEkn3lPzPEYX7B_yLjiPKPTa4doTX5dA4O8UGgIS761&__tn__=%2CO%2CP-R
แหล่งหางาน Part Time งานพิเศษ พนักงานชั่วคราว เสาร์-อาทิตย์ ทั่วประเทศไทย,,,,,,,https://www.facebook.com/siamparttimes/posts/pfbid02duEBDyEcjCo3i8QyhJxurV7AcvxYoSfhyh2FsxBiqhLBJ6z6RZ28gf3P2eP2ayADl?__cft__[0]=AZUfn0LBKgxBxf3eUUEOXIaR6fi_a-m-ozRGEdoQ6X0gpGMCDATRP72mAOWz-H5ETj1LcgKA91_BJDlIuy9LvGOnF2lQ8exZ7s3N4yQ26Zw5KoYL0IbpG7cFuHUUQhSG9F1KSYb9TTqEwtJoK6906d-ecQpUlftCx9erXbnDgmYmTfEkn3lPzPEYX7B_yLjiPKPTa4doTX5dA4O8UGgIS761&__tn__=%2CO%2CP-R
แหล่งหางาน Part Time งานพิเศษ พนักงานชั่วคราว เสาร์-อาทิตย์ ทั่วประเทศไทย,,,,,,,https://www.facebook.com/siamparttimes/posts/pfbid02duEBDyEcjCo3i8QyhJxurV7AcvxYoSfhyh2FsxBiqhLBJ6z6RZ28gf3P2eP2ayADl?__cft__[0]=AZUfn0LBKgxBxf3eUUEOXIaR6fi_a-m-ozRGEdoQ6X0gpGMCDATRP72mAOWz-H5ETj1LcgKA91_BJDlIuy9LvGOnF2lQ8exZ7s3N4yQ26Zw5KoYL0IbpG7cFuHUUQhSG9F1KSYb9TTqEwtJoK6906d-ecQpUlftCx9erXbnDgmYmTfEkn3lPzPEYX7B_yLjiPKPTa4doTX5dA4O8UGgIS761&__tn__=%2CO%2CP-R
แหล่งหางาน Part Time งานพิเศษ พนักงานชั่วคราว เสาร์-อาทิตย์ ทั่วประเทศไทย,,,,,,,https://www.facebook.com/siamparttimes/posts/pfbid02duEBDyEcjCo3i8QyhJxurV7AcvxYoSfhyh2FsxBiqhLBJ6z6RZ28gf3P2eP2ayADl?__cft__[0]=AZUfn0LBKgxBxf3eUUEOXIaR6fi_a-m-ozRGEdoQ6X0gpGMCDATRP72mAOWz-H5ETj1LcgKA91_BJDlIuy9LvGOnF2lQ8exZ7s3N4yQ26Zw5KoYL0IbpG7cFuHUUQhSG9F1KSYb9TTqEwtJoK6906d-ecQpUlftCx9erXbnDgmYmTfEkn3lPzPEYX7B_yLjiPKPTa4doTX5dA4O8UGgIS761&__tn__=%2CO%2CP-R
แหล่งหางาน Part Time งานพิเศษ พนักงานชั่วคราว เสาร์-อาทิตย์ ทั่วประเทศไทย,,,,,,,https://www.facebook.com/siamparttimes/posts/pfbid02duEBDyEcjCo3i8QyhJxurV7AcvxYoSfhyh2FsxBiqhLBJ6z6RZ28gf3P2eP2ayADl?__cft__[0]=AZUfn0LBKgxBxf3eUUEOXIaR6fi_a-m-ozRGEdoQ6X0gpGMCDATRP72mAOWz-H5ETj1LcgKA91_BJDlIuy9LvGOnF2lQ8exZ7s3N4yQ26Zw5KoYL0IbpG7cFuHUUQhSG9F1KSYb9TTqEwtJoK6906d-ecQpUlftCx9erXbnDgmYmTfEkn3lPzPEYX7B_yLjiPKPTa4doTX5dA4O8UGgIS761&__tn__=%2CO%2CP-R
แหล่งหางาน Part Time งานพิเศษ พนักงานชั่วคราว เสาร์-อาทิตย์ ทั่วประเทศไทย,,,,,ทั่วประเทศไทย,,https://www.facebook.com/siamparttimes/posts/pfbid02duEBDyEcjCo3i8QyhJxurV7AcvxYoSfhyh2FsxBiqhLBJ6z6RZ28gf3P2eP2ayADl?__cft__[0]=AZUfn0LBKgxBxf3eUUEOXIaR6fi_a-m-ozRGEdoQ6X0gpGMCDATRP72mAOWz-H5ETj1LcgKA91_BJDlIuy9LvGOnF2lQ8exZ7s3N4yQ26Zw5KoYL0IbpG7cFuHUUQhSG9F1KSYb9TTqEwtJoK6906d-ecQpUlftCx9erXbnDgmYmTfEkn3lPzPEYX7B_yLjiPKPTa4doTX5dA4O8UGgIS761&__tn__=%2CO%2CP-R
แหล่งหางาน Part Time งานพิเศษ พนักงานชั่วคราว เสาร์-อาทิตย์ ทั่วประเทศไทย,,,,,ทั่วประเทศไทย,,https://www.facebook.com/siamparttimes/posts/pfbid02duEBDyEcjCo3i8QyhJxurV7AcvxYoSfhyh2FsxBiqhLBJ6z6RZ28gf3P2eP2ayADl?__cft__[0]=AZUfn0LBKgxBxf3eUUEOXIaR6fi_a-m-ozRGEdoQ6X0gpGMCDATRP72mAOWz-H5ETj1LcgKA91_BJDlIuy9LvGOnF2lQ8exZ7s3N4yQ26Zw5KoYL0IbpG7cFuHUUQhSG9F1KSYb9TTqEwtJoK6906d-ecQpUlftCx9erXbnDgmYmTfEkn3lPzPEYX7B_yLjiPKPTa4doTX5dA4O8UGgIS761&__tn__=%2CO%2CP-R
แหล่งหางาน Part Time งานพิเศษ พนักงานชั่วคราว เสาร์-อาทิตย์ ทั่วประเทศไทย,,,,,ทั่วประเทศไทย,,https://www.facebook.com/siamparttimes/posts/pfbid02duEBDyEcjCo3i8QyhJxurV7AcvxYoSfhyh2FsxBiqhLBJ6z6RZ28gf3P2eP2ayADl?__cft__[0]=AZUfn0LBKgxBxf3eUUEOXIaR6fi_a-m-ozRGEdoQ6X0gpGMCDATRP72mAOWz-H5ETj1LcgKA91_BJDlIuy9LvGOnF2lQ8exZ7s3N4yQ26Zw5KoYL0IbpG7cFuHUUQhSG9F1KSYb9TTqEwtJoK6906d-ecQpUlftCx9erXbnDgmYmTfEkn3lPzPEYX7B_yLjiPKPTa4doTX5dA4O8UGgIS761&__tn__=%2CO%2CP-R
แหล่งหางาน Part Time งานพิเศษ พนักงานชั่วคราว เสาร์-อาทิตย์ ทั่วประเทศไทย,,,,,ทั่วประเทศไทย,,https://www.facebook.com/siamparttimes/posts/pfbid02duEBDyEcjCo3i8QyhJxurV7AcvxYoSfhyh2FsxBiqhLBJ6z6RZ28gf3P2eP2ayADl?__cft__[0]=AZUfn0LBKgxBxf3eUUEOXIaR6fi_a-m-ozRGEdoQ6X0gpGMCDATRP72mAOWz-H5ETj1LcgKA91_BJDlIuy9LvGOnF2lQ8exZ7s3N4yQ26Zw5KoYL0IbpG7cFuHUUQhSG9F1KSYb9TTqEwtJoK6906d-ecQpUlftCx9erXbnDgmYmTfEkn3lPzPEYX7B_yLjiPKPTa4doTX5dA4O8UGgIS761&__tn__=%2CO%2CP-R
แหล่งหางาน Part Time งานพิเศษ พนักงานชั่วคราว เสาร์-อาทิตย์ ทั่วประเทศไทย,,,,,ทั่วประเทศไทย,,https://www.facebook.com/siamparttimes/posts/pfbid02duEBDyEcjCo3i8QyhJxurV7AcvxYoSfhyh2FsxBiqhLBJ6z6RZ28gf3P2eP2ayADl?__cft__[0]=AZUfn0LBKgxBxf3eUUEOXIaR6fi_a-m-ozRGEdoQ6X0gpGMCDATRP72mAOWz-H5ETj1LcgKA91_BJDlIuy9LvGOnF2lQ8exZ7s3N4yQ26Zw5KoYL0IbpG7cFuHUUQhSG9F1KSYb9TTqEwtJoK6906d-ecQpUlftCx9erXbnDgmYmTfEkn3lPzPEYX7B_yLjiPKPTa4doTX5dA4O8UGgIS761&__tn__=%2CO%2CP-R
แหล่งหางาน Part Time งานพิเศษ พนักงานชั่วคราว เสาร์-อาทิตย์ ทั่วประเทศไทย,,,,,ทั่วประเทศไทย,,https://www.facebook.com/siamparttimes/posts/pfbid02duEBDyEcjCo3i8QyhJxurV7AcvxYoSfhyh2FsxBiqhLBJ6z6RZ28gf3P2eP2ayADl?__cft__[0]=AZUfn0LBKgxBxf3eUUEOXIaR6fi_a-m-ozRGEdoQ6X0gpGMCDATRP72mAOWz-H5ETj1LcgKA91_BJDlIuy9LvGOnF2lQ8exZ7s3N4yQ26Zw5KoYL0IbpG7cFuHUUQhSG9F1KSYb9TTqEwtJoK6906d-ecQpUlftCx9erXbnDgmYmTfEkn3lPzPEYX7B_yLjiPKPTa4doTX5dA4O8UGgIS761&__tn__=%2CO%2CP-R
แหล่งหางาน Part Time งานพิเศษ พนักงานชั่วคราว เสาร์-อาทิตย์ ทั่วประเทศไทย,,,,,ทั่วประเทศไทย,,https://www.facebook.com/siamparttimes/posts/pfbid02duEBDyEcjCo3i8QyhJxurV7AcvxYoSfhyh2FsxBiqhLBJ6z6RZ28gf3P2eP2ayADl?__cft__[0]=AZUfn0LBKgxBxf3eUUEOXIaR6fi_a-m-ozRGEdoQ6X0gpGMCDATRP72mAOWz-H5ETj1LcgKA91_BJDlIuy9LvGOnF2lQ8exZ7s3N4yQ26Zw5KoYL0IbpG7cFuHUUQhSG9F1KSYb9TTqEwtJoK6906d-ecQpUlftCx9erXbnDgmYmTfEkn3lPzPEYX7B_yLjiPKPTa4doTX5dA4O8UGgIS761&__tn__=%2CO%2CP-R
แหล่งหางาน Part Time งานพิเศษ พนักงานชั่วคราว เสาร์-อาทิตย์ ทั่วประเทศไทย,,,,,ทั่วประเทศไทย,,https://www.facebook.com/siamparttimes/posts/pfbid02duEBDyEcjCo3i8QyhJxurV7AcvxYoSfhyh2FsxBiqhLBJ6z6RZ28gf3P2eP2ayADl?__cft__[0]=AZUfn0LBKgxBxf3eUUEOXIaR6fi_a-m-ozRGEdoQ6X0gpGMCDATRP72mAOWz-H5ETj1LcgKA91_BJDlIuy9LvGOnF2lQ8exZ7s3N4yQ26Zw5KoYL0IbpG7cFuHUUQhSG9F1KSYb9TTqEwtJoK6906d-ecQpUlftCx9erXbnDgmYmTfEkn3lPzPEYX7B_yLjiPKPTa4doTX5dA4O8UGgIS761&__tn__=%2CO%2CP-R
แหล่งหางาน Part Time งานพิเศษ พนักงานชั่วคราว เสาร์-อาทิตย์ ทั่วประเทศไทย,,,,,ทั่วประเทศไทย,,https://www.facebook.com/siamparttimes/posts/pfbid02duEBDyEcjCo3i8QyhJxurV7AcvxYoSfhyh2FsxBiqhLBJ6z6RZ28gf3P2eP2ayADl?__cft__[0]=AZUfn0LBKgxBxf3eUUEOXIaR6fi_a-m-ozRGEdoQ6X0gpGMCDATRP72mAOWz-H5ETj1LcgKA91_BJDlIuy9LvGOnF2lQ8exZ7s3N4yQ26Zw5KoYL0IbpG7cFuHUUQhSG9F1KSYb9TTqEwtJoK6906d-ecQpUlftCx9erXbnDgmYmTfEkn3lPzPEYX7B_yLjiPKPTa4doTX5dA4O8UGgIS761&__tn__=%2CO%2CP-R
แหล่งหางาน Part Time งานพิเศษ พนักงานชั่วคราว เสาร์-อาทิตย์ ทั่วประเทศไทย,,,,,ทั่วประเทศไทย,,https://www.facebook.com/siamparttimes/posts/pfbid02duEBDyEcjCo3i8QyhJxurV7AcvxYoSfhyh2FsxBiqhLBJ6z6RZ28gf3P2eP2ayADl?__cft__[0]=AZUfn0LBKgxBxf3eUUEOXIaR6fi_a-m-ozRGEdoQ6X0gpGMCDATRP72mAOWz-H5ETj1LcgKA91_BJDlIuy9LvGOnF2lQ8exZ7s3N4yQ26Zw5KoYL0IbpG7cFuHUUQhSG9F1KSYb9TTqEwtJoK6906d-ecQpUlftCx9erXbnDgmYmTfEkn3lPzPEYX7B_yLjiPKPTa4doTX5dA4O8UGgIS761&__tn__=%2CO%2CP-R
บริษัท สยามทรานซิสเต็ม กรุ๊ป (1999) จำกัด,คุณ เบน,081-734-6067,,,ราษฎร์บูรณะ กรุงเทพฯ,"รับสมัครพนักงานตำแหน่งผู้ช่วยการตลาดและพนักงานชิปปิ้ง รายได้ 15,000 บาท",https://www.facebook.com/siamparttimes/posts/pfbid02duEBDyEcjCo3i8QyhJxurV7AcvxYoSfhyh2FsxBiqhLBJ6z6RZ28gf3P2eP2ayADl
บริษัท สยามทรานซิสเต็ม กรุ๊ป (1999) จำกัด,คุณ เบน,081-734-6067,,,ราษฎร์บูรณะ กรุงเทพฯ,"รับสมัครพนักงานตำแหน่งผู้ช่วยการตลาดและพนักงานชิปปิ้ง รายได้ 15,000 บาท",https://www.facebook.com/siamparttimes/posts/pfbid02duEBDyEcjCo3i8QyhJxurV7AcvxYoSfhyh2FsxBiqhLBJ6z6RZ28gf3P2eP2ayADl
แหล่งหางาน Part Time งานพิเศษ พนักงานชั่วคราว เสาร์-อาทิตย์ ทั่วประเทศไทย,,,,,ทั่วประเทศไทย,แหล่งหางาน Part Time งานพิเศษ พนักงานชั่วคราว เสาร์-อาทิตย์ ทั่วประเทศไทย,https://www.facebook.com/siamparttimes/posts/pfbid02n22svuY8mhqPWMn66v9VUkWgxti7jfbf1HuNVLTbJL1bZs5AaFCLGhKTVRMMdBDKl?__cft__[0]=AZU31lK6hrXbxMtBNHRxRRyLEYKD4ywUrDdl9y4oOcdHIWa2WZa_bOu98EzOZ1UUX6FPsW513QR4Znj6ERy-0unCuhPsJ0WRwYQHZQ05TQ0fWMfcdeHTFGHNrWqsbd5Bb9nkcyV-pI8-FEtmxa1p1adAsAUec65iQm_Wd8iz4XW4cB0hTO-eVFfegvld4wLMRvW2QxDFn0PT3QmU5Le0xN0P&__tn__=%2CO%2CP-R
แหล่งหางาน Part Time งานพิเศษ พนักงานชั่วคราว เสาร์-อาทิตย์ ทั่วประเทศไทย,,,,,ทั่วประเทศไทย,แหล่งหางาน Part Time งานพิเศษ พนักงานชั่วคราว เสาร์-อาทิตย์ ทั่วประเทศไทย,https://www.facebook.com/siamparttimes/posts/pfbid02n22svuY8mhqPWMn66v9VUkWgxti7jfbf1HuNVLTbJL1bZs5AaFCLGhKTVRMMdBDKl?__cft__[0]=AZU31lK6hrXbxMtBNHRxRRyLEYKD4ywUrDdl9y4oOcdHIWa2WZa_bOu98EzOZ1UUX6FPsW513QR4Znj6ERy-0unCuhPsJ0WRwYQHZQ05TQ0fWMfcdeHTFGHNrWqsbd5Bb9nkcyV-pI8-FEtmxa1p1adAsAUec65iQm_Wd8iz4XW4cB0hTO-eVFfegvld4wLMRvW2QxDFn0PT3QmU5Le0xN0P&__tn__=%2CO%2CP-R
แหล่งหางาน Part Time งานพิเศษ พนักงานชั่วคราว เสาร์-อาทิตย์ ทั่วประเทศไทย,,,,,ทั่วประเทศไทย,แหล่งหางาน Part Time งานพิเศษ พนักงานชั่วคราว เสาร์-อาทิตย์ ทั่วประเทศไทย,https://www.facebook.com/siamparttimes/posts/pfbid02n22svuY8mhqPWMn66v9VUkWgxti7jfbf1HuNVLTbJL1bZs5AaFCLGhKTVRMMdBDKl?__cft__[0]=AZU31lK6hrXbxMtBNHRxRRyLEYKD4ywUrDdl9y4oOcdHIWa2WZa_bOu98EzOZ1UUX6FPsW513QR4Znj6ERy-0unCuhPsJ0WRwYQHZQ05TQ0fWMfcdeHTFGHNrWqsbd5Bb9nkcyV-pI8-FEtmxa1p1adAsAUec65iQm_Wd8iz4XW4cB0hTO-eVFfegvld4wLMRvW2QxDFn0PT3QmU5Le0xN0P&__tn__=%2CO%2CP-R
แหล่งหางาน Part Time งานพิเศษ พนักงานชั่วคราว เสาร์-อาทิตย์ ทั่วประเทศไทย,,,,,ทั่วประเทศไทย,แหล่งหางาน Part Time งานพิเศษ พนักงานชั่วคราว เสาร์-อาทิตย์ ทั่วประเทศไทย,https://www.facebook.com/siamparttimes/posts/pfbid02n22svuY8mhqPWMn66v9VUkWgxti7jfbf1HuNVLTbJL1bZs5AaFCLGhKTVRMMdBDKl?__cft__[0]=AZU31lK6hrXbxMtBNHRxRRyLEYKD4ywUrDdl9y4oOcdHIWa2WZa_bOu98EzOZ1UUX6FPsW513QR4Znj6ERy-0unCuhPsJ0WRwYQHZQ05TQ0fWMfcdeHTFGHNrWqsbd5Bb9nkcyV-pI8-FEtmxa1p1adAsAUec65iQm_Wd8iz4XW4cB0hTO-eVFfegvld4wLMRvW2QxDFn0PT3QmU5Le0xN0P&__tn__=%2CO%2CP-R
แหล่งหางาน Part Time งานพิเศษ พนักงานชั่วคราว เสาร์-อาทิตย์ ทั่วประเทศไทย,,,,,ทั่วประเทศไทย,แหล่งหางาน Part Time งานพิเศษ พนักงานชั่วคราว เสาร์-อาทิตย์ ทั่วประเทศไทย,https://www.facebook.com/siamparttimes/posts/pfbid02n22svuY8mhqPWMn66v9VUkWgxti7jfbf1HuNVLTbJL1bZs5AaFCLGhKTVRMMdBDKl?__cft__[0]=AZU31lK6hrXbxMtBNHRxRRyLEYKD4ywUrDdl9y4oOcdHIWa2WZa_bOu98EzOZ1UUX6FPsW513QR4Znj6ERy-0unCuhPsJ0WRwYQHZQ05TQ0fWMfcdeHTFGHNrWqsbd5Bb9nkcyV-pI8-FEtmxa1p1adAsAUec65iQm_Wd8iz4XW4cB0hTO-eVFfegvld4wLMRvW2QxDFn0PT3QmU5Le0xN0P&__tn__=%2CO%2CP-R
แหล่งหางาน Part Time งานพิเศษ พนักงานชั่วคราว เสาร์-อาทิตย์ ทั่วประเทศไทย,,,,,ทั่วประเทศไทย,แหล่งหางาน Part Time งานพิเศษ พนักงานชั่วคราว เสาร์-อาทิตย์ ทั่วประเทศไทย,https://www.facebook.com/siamparttimes/posts/pfbid02n22svuY8mhqPWMn66v9VUkWgxti7jfbf1HuNVLTbJL1bZs5AaFCLGhKTVRMMdBDKl?__cft__[0]=AZU31lK6hrXbxMtBNHRxRRyLEYKD4ywUrDdl9y4oOcdHIWa2WZa_bOu98EzOZ1UUX6FPsW513QR4Znj6ERy-0unCuhPsJ0WRwYQHZQ05TQ0fWMfcdeHTFGHNrWqsbd5Bb9nkcyV-pI8-FEtmxa1p1adAsAUec65iQm_Wd8iz4XW4cB0hTO-eVFfegvld4wLMRvW2QxDFn0PT3QmU5Le0xN0P&__tn__=%2CO%2CP-R
แหล่งหางาน Part Time งานพิเศษ พนักงานชั่วคราว เสาร์-อาทิตย์ ทั่วประเทศไทย,,,,,ทั่วประเทศไทย,แหล่งหางาน Part Time งานพิเศษ พนักงานชั่วคราว เสาร์-อาทิตย์ ทั่วประเทศไทย,https://www.facebook.com/siamparttimes/posts/pfbid02n22svuY8mhqPWMn66v9VUkWgxti7jfbf1HuNVLTbJL1bZs5AaFCLGhKTVRMMdBDKl?__cft__[0]=AZU31lK6hrXbxMtBNHRxRRyLEYKD4ywUrDdl9y4oOcdHIWa2WZa_bOu98EzOZ1UUX6FPsW513QR4Znj6ERy-0unCuhPsJ0WRwYQHZQ05TQ0fWMfcdeHTFGHNrWqsbd5Bb9nkcyV-pI8-FEtmxa1p1adAsAUec65iQm_Wd8iz4XW4cB0hTO-eVFfegvld4wLMRvW2QxDFn0PT3QmU5Le0xN0P&__tn__=%2CO%2CP-R
แหล่งหางาน Part Time งานพิเศษ พนักงานชั่วคราว เสาร์-อาทิตย์ ทั่วประเทศไทย,,,,,ทั่วประเทศไทย,แหล่งหางาน Part Time งานพิเศษ พนักงานชั่วคราว เสาร์-อาทิตย์ ทั่วประเทศไทย,https://www.facebook.com/siamparttimes/posts/pfbid02n22svuY8mhqPWMn66v9VUkWgxti7jfbf1HuNVLTbJL1bZs5AaFCLGhKTVRMMdBDKl?__cft__[0]=AZU31lK6hrXbxMtBNHRxRRyLEYKD4ywUrDdl9y4oOcdHIWa2WZa_bOu98EzOZ1UUX6FPsW513QR4Znj6ERy-0unCuhPsJ0WRwYQHZQ05TQ0fWMfcdeHTFGHNrWqsbd5Bb9nkcyV-pI8-FEtmxa1p1adAsAUec65iQm_Wd8iz4XW4cB0hTO-eVFfegvld4wLMRvW2QxDFn0PT3QmU5Le0xN0P&__tn__=%2CO%2CP-R
แหล่งหางาน Part Time งานพิเศษ พนักงานชั่วคราว เสาร์-อาทิตย์ ทั่วประเทศไทย,,,,,ทั่วประเทศไทย,แหล่งหางาน Part Time งานพิเศษ พนักงานชั่วคราว เสาร์-อาทิตย์ ทั่วประเทศไทย,https://www.facebook.com/siamparttimes/posts/pfbid02n22svuY8mhqPWMn66v9VUkWgxti7jfbf1HuNVLTbJL1bZs5AaFCLGhKTVRMMdBDKl?__cft__[0]=AZU31lK6hrXbxMtBNHRxRRyLEYKD4ywUrDdl9y4oOcdHIWa2WZa_bOu98EzOZ1UUX6FPsW513QR4Znj6ERy-0unCuhPsJ0WRwYQHZQ05TQ0fWMfcdeHTFGHNrWqsbd5Bb9nkcyV-pI8-FEtmxa1p1adAsAUec65iQm_Wd8iz4XW4cB0hTO-eVFfegvld4wLMRvW2QxDFn0PT3QmU5Le0xN0P&__tn__=%2CO%2CP-R
แหล่งหางาน Part Time งานพิเศษ พนักงานชั่วคราว เสาร์-อาทิตย์ ทั่วประเทศไทย,,,,,ทั่วประเทศไทย,แหล่งหางาน Part Time งานพิเศษ พนักงานชั่วคราว เสาร์-อาทิตย์ ทั่วประเทศไทย,https://www.facebook.com/siamparttimes/posts/pfbid02n22svuY8mhqPWMn66v9VUkWgxti7jfbf1HuNVLTbJL1bZs5AaFCLGhKTVRMMdBDKl?__cft__[0]=AZU31lK6hrXbxMtBNHRxRRyLEYKD4ywUrDdl9y4oOcdHIWa2WZa_bOu98EzOZ1UUX6FPsW513QR4Znj6ERy-0unCuhPsJ0WRwYQHZQ05TQ0fWMfcdeHTFGHNrWqsbd5Bb9nkcyV-pI8-FEtmxa1p1adAsAUec65iQm_Wd8iz4XW4cB0hTO-eVFfegvld4wLMRvW2QxDFn0PT3QmU5Le0xN0P&__tn__=%2CO%2CP-R
แหล่งหางาน Part Time งานพิเศษ พนักงานชั่วคราว เสาร์-อาทิตย์ ทั่วประเทศไทย,,,,,ทั่วประเทศไทย,แหล่งหางาน Part Time งานพิเศษ พนักงานชั่วคราว เสาร์-อาทิตย์ ทั่วประเทศไทย,https://www.facebook.com/siamparttimes/posts/pfbid02n22svuY8mhqPWMn66v9VUkWgxti7jfbf1HuNVLTbJL1bZs5AaFCLGhKTVRMMdBDKl?__cft__[0]=AZU31lK6hrXbxMtBNHRxRRyLEYKD4ywUrDdl9y4oOcdHIWa2WZa_bOu98EzOZ1UUX6FPsW513QR4Znj6ERy-0unCuhPsJ0WRwYQHZQ05TQ0fWMfcdeHTFGHNrWqsbd5Bb9nkcyV-pI8-FEtmxa1p1adAsAUec65iQm_Wd8iz4XW4cB0hTO-eVFfegvld4wLMRvW2QxDFn0PT3QmU5Le0xN0P&__tn__=%2CO%2CP-R
แหล่งหางาน Part Time งานพิเศษ พนักงานชั่วคราว เสาร์-อาทิตย์ ทั่วประเทศไทย,,,,,ทั่วประเทศไทย,แหล่งหางาน Part Time งานพิเศษ พนักงานชั่วคราว เสาร์-อาทิตย์ ทั่วประเทศไทย,https://www.facebook.com/siamparttimes/posts/pfbid02n22svuY8mhqPWMn66v9VUkWgxti7jfbf1HuNVLTbJL1bZs5AaFCLGhKTVRMMdBDKl?__cft__[0]=AZU31lK6hrXbxMtBNHRxRRyLEYKD4ywUrDdl9y4oOcdHIWa2WZa_bOu98EzOZ1UUX6FPsW513QR4Znj6ERy-0unCuhPsJ0WRwYQHZQ05TQ0fWMfcdeHTFGHNrWqsbd5Bb9nkcyV-pI8-FEtmxa1p1adAsAUec65iQm_Wd8iz4XW4cB0hTO-eVFfegvld4wLMRvW2QxDFn0PT3QmU5Le0xN0P&__tn__=%2CO%2CP-R
แหล่งหางาน Part Time งานพิเศษ พนักงานชั่วคราว เสาร์-อาทิตย์ ทั่วประเทศไทย,,,,,ทั่วประเทศไทย,แหล่งหางาน Part Time งานพิเศษ พนักงานชั่วคราว เสาร์-อาทิตย์ ทั่วประเทศไทย,https://www.facebook.com/siamparttimes/posts/pfbid02n22svuY8mhqPWMn66v9VUkWgxti7jfbf1HuNVLTbJL1bZs5AaFCLGhKTVRMMdBDKl?__cft__[0]=AZU31lK6hrXbxMtBNHRxRRyLEYKD4ywUrDdl9y4oOcdHIWa2WZa_bOu98EzOZ1UUX6FPsW513QR4Znj6ERy-0unCuhPsJ0WRwYQHZQ05TQ0fWMfcdeHTFGHNrWqsbd5Bb9nkcyV-pI8-FEtmxa1p1adAsAUec65iQm_Wd8iz4XW4cB0hTO-eVFfegvld4wLMRvW2QxDFn0PT3QmU5Le0xN0P&__tn__=%2CO%2CP-R
แหล่งหางาน Part Time งานพิเศษ พนักงานชั่วคราว เสาร์-อาทิตย์ ทั่วประเทศไทย,,,,,ทั่วประเทศไทย,แหล่งหางาน Part Time งานพิเศษ พนักงานชั่วคราว เสาร์-อาทิตย์ ทั่วประเทศไทย,https://www.facebook.com/siamparttimes/posts/pfbid02n22svuY8mhqPWMn66v9VUkWgxti7jfbf1HuNVLTbJL1bZs5AaFCLGhKTVRMMdBDKl?__cft__[0]=AZU31lK6hrXbxMtBNHRxRRyLEYKD4ywUrDdl9y4oOcdHIWa2WZa_bOu98EzOZ1UUX6FPsW513QR4Znj6ERy-0unCuhPsJ0WRwYQHZQ05TQ0fWMfcdeHTFGHNrWqsbd5Bb9nkcyV-pI8-FEtmxa1p1adAsAUec65iQm_Wd8iz4XW4cB0hTO-eVFfegvld4wLMRvW2QxDFn0PT3QmU5Le0xN0P&__tn__=%2CO%2CP-R
แหล่งหางาน Part Time งานพิเศษ พนักงานชั่วคราว เสาร์-อาทิตย์ ทั่วประเทศไทย,,,,,ทั่วประเทศไทย,แหล่งหางาน Part Time งานพิเศษ พนักงานชั่วคราว เสาร์-อาทิตย์ ทั่วประเทศไทย,https://www.facebook.com/siamparttimes/posts/pfbid02n22svuY8mhqPWMn66v9VUkWgxti7jfbf1HuNVLTbJL1bZs5AaFCLGhKTVRMMdBDKl?__cft__[0]=AZU31lK6hrXbxMtBNHRxRRyLEYKD4ywUrDdl9y4oOcdHIWa2WZa_bOu98EzOZ1UUX6FPsW513QR4Znj6ERy-0unCuhPsJ0WRwYQHZQ05TQ0fWMfcdeHTFGHNrWqsbd5Bb9nkcyV-pI8-FEtmxa1p1adAsAUec65iQm_Wd8iz4XW4cB0hTO-eVFfegvld4wLMRvW2QxDFn0PT3QmU5Le0xN0P&__tn__=%2CO%2CP-R
Sunbird,,,@346wberu,,ทองหล่อ 13,รับสมัครพนักงานร้านน้ำผลไม้ Part Time และ Full Time,https://www.facebook.com/siamparttimes/posts/pfbid02n22svuY8mhqPWMn66v9VUkWgxti7jfbf1HuNVLTbJL1bZs5AaFCLGhKTVRMMdBDKl
แหล่งหางาน Part Time งานพิเศษ พนักงานชั่วคราว เสาร์-อาทิตย์ ทั่วประเทศไทย,,,,,,"Part-time jobs, special work, temporary workers, Saturday-Sunday throughout Thailand",https://www.facebook.com/siamparttimes/posts/pfbid0XjtobJHJNhT2N9v5woPx73utUrfXeV4KWeU8fb2AJ76cdTxy9qRySXXbxpwkxweFl?__cft__[0]=AZXTGQ8E1D4lnQ6Vsi3ZZXj8Q1RpILofqS24QfnbyQWYznYB_CKWxpZ1--oSh1m64ZeYlwB06j9sGs-xTKDATcP6qlVCyPuCW_uUYZOFqiBAOXQd00zfsYiV5GSwBoWw-3UcYURCen38xmlKc2eNFxSrC0vEdENfOyTskioTx7c0SptHx38Xj8yXfTczJT9jVbIR2POIJSzcBhH90Zii2Of9&__tn__=%2CO%2CP-R
แหล่งหางาน Part Time งานพิเศษ พนักงานชั่วคราว เสาร์-อาทิตย์ ทั่วประเทศไทย,,,,,,"Part-time jobs, special work, temporary workers, Saturday-Sunday throughout Thailand",https://www.facebook.com/siamparttimes/posts/pfbid0XjtobJHJNhT2N9v5woPx73utUrfXeV4KWeU8fb2AJ76cdTxy9qRySXXbxpwkxweFl?__cft__[0]=AZXTGQ8E1D4lnQ6Vsi3ZZXj8Q1RpILofqS24QfnbyQWYznYB_CKWxpZ1--oSh1m64ZeYlwB06j9sGs-xTKDATcP6qlVCyPuCW_uUYZOFqiBAOXQd00zfsYiV5GSwBoWw-3UcYURCen38xmlKc2eNFxSrC0vEdENfOyTskioTx7c0SptHx38Xj8yXfTczJT9jVbIR2POIJSzcBhH90Zii2Of9&__tn__=%2CO%2CP-R
แหล่งหางาน Part Time งานพิเศษ พนักงานชั่วคราว เสาร์-อาทิตย์ ทั่วประเทศไทย,,,,,,"Part-time jobs, special work, temporary workers, Saturday-Sunday throughout Thailand",https://www.facebook.com/siamparttimes/posts/pfbid0XjtobJHJNhT2N9v5woPx73utUrfXeV4KWeU8fb2AJ76cdTxy9qRySXXbxpwkxweFl?__cft__[0]=AZXTGQ8E1D4lnQ6Vsi3ZZXj8Q1RpILofqS24QfnbyQWYznYB_CKWxpZ1--oSh1m64ZeYlwB06j9sGs-xTKDATcP6qlVCyPuCW_uUYZOFqiBAOXQd00zfsYiV5GSwBoWw-3UcYURCen38xmlKc2eNFxSrC0vEdENfOyTskioTx7c0SptHx38Xj8yXfTczJT9jVbIR2POIJSzcBhH90Zii2Of9&__tn__=%2CO%2CP-R
แหล่งหางาน Part Time งานพิเศษ พนักงานชั่วคราว เสาร์-อาทิตย์ ทั่วประเทศไทย,,,,,,"Part-time jobs, special work, temporary workers, Saturday-Sunday throughout Thailand",https://www.facebook.com/siamparttimes/posts/pfbid0XjtobJHJNhT2N9v5woPx73utUrfXeV4KWeU8fb2AJ76cdTxy9qRySXXbxpwkxweFl?__cft__[0]=AZXTGQ8E1D4lnQ6Vsi3ZZXj8Q1RpILofqS24QfnbyQWYznYB_CKWxpZ1--oSh1m64ZeYlwB06j9sGs-xTKDATcP6qlVCyPuCW_uUYZOFqiBAOXQd00zfsYiV5GSwBoWw-3UcYURCen38xmlKc2eNFxSrC0vEdENfOyTskioTx7c0SptHx38Xj8yXfTczJT9jVbIR2POIJSzcBhH90Zii2Of9&__tn__=%2CO%2CP-R
แหล่งหางาน Part Time งานพิเศษ พนักงานชั่วคราว เสาร์-อาทิตย์ ทั่วประเทศไทย,,,,,,"Part-time jobs, special work, temporary workers, Saturday-Sunday throughout Thailand",https://www.facebook.com/siamparttimes/posts/pfbid0XjtobJHJNhT2N9v5woPx73utUrfXeV4KWeU8fb2AJ76cdTxy9qRySXXbxpwkxweFl?__cft__[0]=AZXTGQ8E1D4lnQ6Vsi3ZZXj8Q1RpILofqS24QfnbyQWYznYB_CKWxpZ1--oSh1m64ZeYlwB06j9sGs-xTKDATcP6qlVCyPuCW_uUYZOFqiBAOXQd00zfsYiV5GSwBoWw-3UcYURCen38xmlKc2eNFxSrC0vEdENfOyTskioTx7c0SptHx38Xj8yXfTczJT9jVbIR2POIJSzcBhH90Zii2Of9&__tn__=%2CO%2CP-R
แหล่งหางาน Part Time งานพิเศษ พนักงานชั่วคราว เสาร์-อาทิตย์ ทั่วประเทศไทย,,,,,,"Part time jobs, special work, temporary workers, Saturday-Sunday throughout Thailand",https://www.facebook.com/siamparttimes/posts/pfbid0XjtobJHJNhT2N9v5woPx73utUrfXeV4KWeU8fb2AJ76cdTxy9qRySXXbxpwkxweFl?__cft__[0]=AZXTGQ8E1D4lnQ6Vsi3ZZXj8Q1RpILofqS24QfnbyQWYznYB_CKWxpZ1--oSh1m64ZeYlwB06j9sGs-xTKDATcP6qlVCyPuCW_uUYZOFqiBAOXQd00zfsYiV5GSwBoWw-3UcYURCen38xmlKc2eNFxSrC0vEdENfOyTskioTx7c0SptHx38Xj8yXfTczJT9jVbIR2POIJSzcBhH90Zii2Of9&__tn__=%2CO%2CP-R
แหล่งหางาน Part Time งานพิเศษ พนักงานชั่วคราว เสาร์-อาทิตย์ ทั่วประเทศไทย,,,,,,"Part time jobs, special work, temporary workers, Saturday-Sunday throughout Thailand",https://www.facebook.com/siamparttimes/posts/pfbid0XjtobJHJNhT2N9v5woPx73utUrfXeV4KWeU8fb2AJ76cdTxy9qRySXXbxpwkxweFl?__cft__[0]=AZXTGQ8E1D4lnQ6Vsi3ZZXj8Q1RpILofqS24QfnbyQWYznYB_CKWxpZ1--oSh1m64ZeYlwB06j9sGs-xTKDATcP6qlVCyPuCW_uUYZOFqiBAOXQd00zfsYiV5GSwBoWw-3UcYURCen38xmlKc2eNFxSrC0vEdENfOyTskioTx7c0SptHx38Xj8yXfTczJT9jVbIR2POIJSzcBhH90Zii2Of9&__tn__=%2CO%2CP-R
แหล่งหางาน Part Time งานพิเศษ พนักงานชั่วคราว เสาร์-อาทิตย์ ทั่วประเทศไทย,,,,,,"Part time jobs, special work, temporary workers, Saturday-Sunday throughout Thailand",https://www.facebook.com/siamparttimes/posts/pfbid0XjtobJHJNhT2N9v5woPx73utUrfXeV4KWeU8fb2AJ76cdTxy9qRySXXbxpwkxweFl?__cft__[0]=AZXTGQ8E1D4lnQ6Vsi3ZZXj8Q1RpILofqS24QfnbyQWYznYB_CKWxpZ1--oSh1m64ZeYlwB06j9sGs-xTKDATcP6qlVCyPuCW_uUYZOFqiBAOXQd00zfsYiV5GSwBoWw-3UcYURCen38xmlKc2eNFxSrC0vEdENfOyTskioTx7c0SptHx38Xj8yXfTczJT9jVbIR2POIJSzcBhH90Zii2Of9&__tn__=%2CO%2CP-R
แหล่งหางาน Part Time งานพิเศษ พนักงานชั่วคราว เสาร์-อาทิตย์ ทั่วประเทศไทย,,,,,,"Part time jobs, special work, temporary workers, Saturday-Sunday throughout Thailand",https://www.facebook.com/siamparttimes/posts/pfbid0XjtobJHJNhT2N9v5woPx73utUrfXeV4KWeU8fb2AJ76cdTxy9qRySXXbxpwkxweFl?__cft__[0]=AZXTGQ8E1D4lnQ6Vsi3ZZXj8Q1RpILofqS24QfnbyQWYznYB_CKWxpZ1--oSh1m64ZeYlwB06j9sGs-xTKDATcP6qlVCyPuCW_uUYZOFqiBAOXQd00zfsYiV5GSwBoWw-3UcYURCen38xmlKc2eNFxSrC0vEdENfOyTskioTx7c0SptHx38Xj8yXfTczJT9jVbIR2POIJSzcBhH90Zii2Of9&__tn__=%2CO%2CP-R
แหล่งหางาน Part Time งานพิเศษ พนักงานชั่วคราว เสาร์-อาทิตย์ ทั่วประเทศไทย,,,,,,"Part time jobs, special work, temporary workers, Saturday-Sunday throughout Thailand",https://www.facebook.com/siamparttimes/posts/pfbid0XjtobJHJNhT2N9v5woPx73utUrfXeV4KWeU8fb2AJ76cdTxy9qRySXXbxpwkxweFl?__cft__[0]=AZXTGQ8E1D4lnQ6Vsi3ZZXj8Q1RpILofqS24QfnbyQWYznYB_CKWxpZ1--oSh1m64ZeYlwB06j9sGs-xTKDATcP6qlVCyPuCW_uUYZOFqiBAOXQd00zfsYiV5GSwBoWw-3UcYURCen38xmlKc2eNFxSrC0vEdENfOyTskioTx7c0SptHx38Xj8yXfTczJT9jVbIR2POIJSzcBhH90Zii2Of9&__tn__=%2CO%2CP-R
แหล่งหางาน Part Time งานพิเศษ พนักงานชั่วคราว เสาร์-อาทิตย์ ทั่วประเทศไทย,,,,,,"Part time jobs, special work, temporary workers, Saturday-Sunday throughout Thailand",https://www.facebook.com/siamparttimes/posts/pfbid0XjtobJHJNhT2N9v5woPx73utUrfXeV4KWeU8fb2AJ76cdTxy9qRySXXbxpwkxweFl?__cft__[0]=AZXTGQ8E1D4lnQ6Vsi3ZZXj8Q1RpILofqS24QfnbyQWYznYB_CKWxpZ1--oSh1m64ZeYlwB06j9sGs-xTKDATcP6qlVCyPuCW_uUYZOFqiBAOXQd00zfsYiV5GSwBoWw-3UcYURCen38xmlKc2eNFxSrC0vEdENfOyTskioTx7c0SptHx38Xj8yXfTczJT9jVbIR2POIJSzcBhH90Zii2Of9&__tn__=%2CO%2CP-R
แหล่งหางาน Part Time งานพิเศษ พนักงานชั่วคราว เสาร์-อาทิตย์ ทั่วประเทศไทย,,,,,,"Part time jobs, special work, temporary workers, Saturday-Sunday throughout Thailand",https://www.facebook.com/siamparttimes/posts/pfbid0XjtobJHJNhT2N9v5woPx73utUrfXeV4KWeU8fb2AJ76cdTxy9qRySXXbxpwkxweFl?__cft__[0]=AZXTGQ8E1D4lnQ6Vsi3ZZXj8Q1RpILofqS24QfnbyQWYznYB_CKWxpZ1--oSh1m64ZeYlwB06j9sGs-xTKDATcP6qlVCyPuCW_uUYZOFqiBAOXQd00zfsYiV5GSwBoWw-3UcYURCen38xmlKc2eNFxSrC0vEdENfOyTskioTx7c0SptHx38Xj8yXfTczJT9jVbIR2POIJSzcBhH90Zii2Of9&__tn__=%2CO%2CP-R
แหล่งหางาน Part Time งานพิเศษ พนักงานชั่วคราว เสาร์-อาทิตย์ ทั่วประเทศไทย,,,,,,"Part time jobs, special work, temporary workers, Saturday-Sunday throughout Thailand",https://www.facebook.com/siamparttimes/posts/pfbid0XjtobJHJNhT2N9v5woPx73utUrfXeV4KWeU8fb2AJ76cdTxy9qRySXXbxpwkxweFl?__cft__[0]=AZXTGQ8E1D4lnQ6Vsi3ZZXj8Q1RpILofqS24QfnbyQWYznYB_CKWxpZ1--oSh1m64ZeYlwB06j9sGs-xTKDATcP6qlVCyPuCW_uUYZOFqiBAOXQd00zfsYiV5GSwBoWw-3UcYURCen38xmlKc2eNFxSrC0vEdENfOyTskioTx7c0SptHx38Xj8yXfTczJT9jVbIR2POIJSzcBhH90Zii2Of9&__tn__=%2CO%2CP-R
แหล่งหางาน Part Time งานพิเศษ พนักงานชั่วคราว เสาร์-อาทิตย์ ทั่วประเทศไทย,,,,,,"Part time jobs, special work, temporary workers, Saturday-Sunday throughout Thailand",https://www.facebook.com/siamparttimes/posts/pfbid0XjtobJHJNhT2N9v5woPx73utUrfXeV4KWeU8fb2AJ76cdTxy9qRySXXbxpwkxweFl?__cft__[0]=AZXTGQ8E1D4lnQ6Vsi3ZZXj8Q1RpILofqS24QfnbyQWYznYB_CKWxpZ1--oSh1m64ZeYlwB06j9sGs-xTKDATcP6qlVCyPuCW_uUYZOFqiBAOXQd00zfsYiV5GSwBoWw-3UcYURCen38xmlKc2eNFxSrC0vEdENfOyTskioTx7c0SptHx38Xj8yXfTczJT9jVbIR2POIJSzcBhH90Zii2Of9&__tn__=%2CO%2CP-R
แหล่งหางาน Part Time งานพิเศษ พนักงานชั่วคราว เสาร์-อาทิตย์ ทั่วประเทศไทย,,,,,,"Part time jobs, special work, temporary workers, Saturday-Sunday throughout Thailand",https://www.facebook.com/siamparttimes/posts/pfbid0XjtobJHJNhT2N9v5woPx73utUrfXeV4KWeU8fb2AJ76cdTxy9qRySXXbxpwkxweFl?__cft__[0]=AZXTGQ8E1D4lnQ6Vsi3ZZXj8Q1RpILofqS24QfnbyQWYznYB_CKWxpZ1--oSh1m64ZeYlwB06j9sGs-xTKDATcP6qlVCyPuCW_uUYZOFqiBAOXQd00zfsYiV5GSwBoWw-3UcYURCen38xmlKc2eNFxSrC0vEdENfOyTskioTx7c0SptHx38Xj8yXfTczJT9jVbIR2POIJSzcBhH90Zii2Of9&__tn__=%2CO%2CP-R
แหล่งหางาน Part Time งานพิเศษ พนักงานชั่วคราว เสาร์-อาทิตย์ ทั่วประเทศไทย,,,@779jveix,,สยามพารากอน,"รับสมัครพนักงานประจำรถเข็นผลไม้ รายได้ 16,000 บ. + คอมฯ คุณสมบัติ: คนไทย อายุ 26-50 ปี, สะดวกฝึกงาน, ทำงานตามเวลาเปิด-ปิดห้าง, สามารถปอกผลไม้ cutting ได้จะพิจารณาเป็นพิเศษ",https://www.facebook.com/siamparttimes/posts/pfbid0XjtobJHJNhT2N9v5woPx73utUrfXeV4KWeU8fb2AJ76cdTxy9qRySXXbxpwkxweFl?__cft__[0]=AZXTGQ8E1D4lnQ6Vsi3ZZXj8Q1RpILofqS24QfnbyQWYznYB_CKWxpZ1--oSh1m64ZeYlwB06j9sGs-xTKDATcP6qlVCyPuCW_uUYZOFqiBAOXQd00zfsYiV5GSwBoWw-3UcYURCen38xmlKc2eNFxSrC0vEdENfOyTskioTx7c0SptHx38Xj8yXfTczJT9jVbIR2POIJSzcBhH90Zii2Of9&__tn__=%2CO%2CP-R
แหล่งหางาน Part Time งานพิเศษ พนักงานชั่วคราว เสาร์-อาทิตย์ ทั่วประเทศไทย,,,@779jveix,,สยามพารากอน,"รับสมัครพนักงานประจำรถเข็นผลไม้ รายได้ 16,000 บ. + คอมฯ คุณสมบัติ: คนไทย อายุ 26-50 ปี, สะดวกฝึกงาน, ทำงานตามเวลาเปิด-ปิดห้าง, สามารถปอกผลไม้ cutting ได้จะพิจารณาเป็นพิเศษ",https://www.facebook.com/siamparttimes/posts/pfbid0XjtobJHJNhT2N9v5woPx73utUrfXeV4KWeU8fb2AJ76cdTxy9qRySXXbxpwkxweFl?__cft__[0]=AZXTGQ8E1D4lnQ6Vsi3ZZXj8Q1RpILofqS24QfnbyQWYznYB_CKWxpZ1--oSh1m64ZeYlwB06j9sGs-xTKDATcP6qlVCyPuCW_uUYZOFqiBAOXQd00zfsYiV5GSwBoWw-3UcYURCen38xmlKc2eNFxSrC0vEdENfOyTskioTx7c0SptHx38Xj8yXfTczJT9jVbIR2POIJSzcBhH90Zii2Of9&__tn__=%2CO%2CP-R
แหล่งหางาน Part Time งานพิเศษ พนักงานชั่วคราว เสาร์-อาทิตย์ ทั่วประเทศไทย,,,@779jveix,,สยามพารากอน,"รับสมัครพนักงานประจำรถเข็นผลไม้ รายได้ 16,000 บ. + คอมฯ คุณสมบัติ: คนไทย อายุ 26-50 ปี, สะดวกฝึกงาน, ทำงานตามเวลาเปิด-ปิดห้าง, สามารถปอกผลไม้ cutting ได้จะพิจารณาเป็นพิเศษ",https://www.facebook.com/siamparttimes/posts/pfbid0XjtobJHJNhT2N9v5woPx73utUrfXeV4KWeU8fb2AJ76cdTxy9qRySXXbxpwkxweFl?__cft__[0]=AZXTGQ8E1D4lnQ6Vsi3ZZXj8Q1RpILofqS24QfnbyQWYznYB_CKWxpZ1--oSh1m64ZeYlwB06j9sGs-xTKDATcP6qlVCyPuCW_uUYZOFqiBAOXQd00zfsYiV5GSwBoWw-3UcYURCen38xmlKc2eNFxSrC0vEdENfOyTskioTx7c0SptHx38Xj8yXfTczJT9jVbIR2POIJSzcBhH90Zii2Of9&__tn__=%2CO%2CP-R
แหล่งหางาน Part Time งานพิเศษ พนักงานชั่วคราว เสาร์-อาทิตย์ ทั่วประเทศไทย,,,@779jveix,,สยามพารากอน,"รับสมัครพนักงานประจำรถเข็นผลไม้ รายได้ 16,000 บ. + คอมฯ คุณสมบัติ: คนไทย อายุ 26-50 ปี, สะดวกฝึกงาน, ทำงานตามเวลาเปิด-ปิดห้าง, สามารถปอกผลไม้ cutting ได้จะพิจารณาเป็นพิเศษ",https://www.facebook.com/siamparttimes/posts/pfbid0XjtobJHJNhT2N9v5woPx73utUrfXeV4KWeU8fb2AJ76cdTxy9qRySXXbxpwkxweFl?__cft__[0]=AZXTGQ8E1D4lnQ6Vsi3ZZXj8Q1RpILofqS24QfnbyQWYznYB_CKWxpZ1--oSh1m64ZeYlwB06j9sGs-xTKDATcP6qlVCyPuCW_uUYZOFqiBAOXQd00zfsYiV5GSwBoWw-3UcYURCen38xmlKc2eNFxSrC0vEdENfOyTskioTx7c0SptHx38Xj8yXfTczJT9jVbIR2POIJSzcBhH90Zii2Of9&__tn__=%2CO%2CP-R
แหล่งหางาน Part Time งานพิเศษ พนักงานชั่วคราว เสาร์-อาทิตย์ ทั่วประเทศไทย,,,@779jveix,,สยามพารากอน,"รับสมัครพนักงานประจำรถเข็นผลไม้ รายได้ 16,000 บ. + คอมฯ คุณสมบัติ: คนไทย อายุ 26-50 ปี, สะดวกฝึกงาน, ทำงานตามเวลาเปิด-ปิดห้าง, สามารถปอกผลไม้ cutting ได้จะพิจารณาเป็นพิเศษ",https://www.facebook.com/siamparttimes/posts/pfbid0XjtobJHJNhT2N9v5woPx73utUrfXeV4KWeU8fb2AJ76cdTxy9qRySXXbxpwkxweFl?__cft__[0]=AZXTGQ8E1D4lnQ6Vsi3ZZXj8Q1RpILofqS24QfnbyQWYznYB_CKWxpZ1--oSh1m64ZeYlwB06j9sGs-xTKDATcP6qlVCyPuCW_uUYZOFqiBAOXQd00zfsYiV5GSwBoWw-3UcYURCen38xmlKc2eNFxSrC0vEdENfOyTskioTx7c0SptHx38Xj8yXfTczJT9jVbIR2POIJSzcBhH90Zii2Of9&__tn__=%2CO%2CP-R
